"Id","SalePrice"
1461,128061.270266667
1462,154704.746366667
1463,178453.089466667
1464,182716.5735
1465,198630.189133333
1466,182772.933033333
1467,168865.932066667
1468,175858.129966667
1469,180431.968733333
1470,118623.7758
1471,195211.5018
1472,94342.3090333333
1473,95545.5091666666
1474,153471.293466667
1475,140060.516566667
1476,389378.4105
1477,251658.788766667
1478,305050.307333333
1479,245159.1075
1480,452552.826366667
1481,310130.0407
1482,205907.2609
1483,174771.5096
1484,170056.743533333
1485,169871.139266667
1486,201723.706766667
1487,336802.501633333
1488,235107.585866667
1489,208910.837033333
1490,195772.062666667
1491,192465.012566667
1492,95642.6862000001
1493,175978.203333333
1494,296720.746433333
1495,310431.4762
1496,224025.7562
1497,185973.114666667
1498,152440.915266667
1499,153022.672433333
1500,153785.507
1501,175726.6733
1502,155027.8559
1503,302858.128133333
1504,233729.968833333
1505,220403.053466667
1506,176093.377933333
1507,217101.362666667
1508,194624.142666667
1509,161724.178
1510,148965.1436
1511,147086.4324
1512,161123.1509
1513,151958.244233333
1514,164632.230666667
1515,180833.151433333
1516,160405.5145
1517,151620.688966667
1518,129903.093633333
1519,227888.517366667
1520,135193.364833333
1521,142051.546166667
1522,161903.082
1523,113854.531666667
1524,121065.341933333
1525,123835.875533333
1526,127163.6478
1527,100790.132333333
1528,128818.912633333
1529,141478.249433333
1530,162128.625266667
1531,125871.441
1532,106662.063566667
1533,147392.601266667
1534,116295.088766667
1535,156596.424666667
1536,114393.527133333
1537,75789.3606
1538,187961.333
1539,241982.802933333
1540,110436.752333333
1541,148788.334133333
1542,152624.287733333
1543,217856.095566667
1544,79177.1798
1545,105344.775666667
1546,125436.198033333
1547,143856.9706
1548,138779.278
1549,117179.886033333
1550,150691.778333333
1551,118327.354666667
1552,146416.472566667
1553,143802.964533333
1554,113205.051233333
1555,181180.073666667
1556,98355.9074333334
1557,128937.757566667
1558,89579.3834
1559,116396.990033333
1560,155151.879233333
1561,153093.540133333
1562,128290.370733333
1563,123598.710833333
1564,158042.333666667
1565,156621.269066667
1566,219301.838933333
1567,75304.6452333333
1568,225652.944133333
1569,146752.7188
1570,124573.485833333
1571,137320.274233333
1572,137317.710233333
1573,246584.031333333
1574,116461.810966667
1575,212089.811266667
1576,209542.720233333
1577,204296.573166667
1578,153150.4435
1579,142906.193
1580,190009.3288
1581,143222.355833333
1582,128346.188
1583,330880.814566667
1584,240292.8951
1585,139815.349666667
1586,69673.3588666667
1587,104682.924233333
1588,147665.641466667
1589,99093.5714333334
1590,135979.495633333
1591,107661.626266667
1592,126877.843966667
1593,117757.8562
1594,138465.239466667
1595,120289.553633333
1596,231065.0339
1597,166158.971333333
1598,184533.4288
1599,210234.9919
1600,196238.327433333
1601,81766.6601666667
1602,113889.4014
1603,97967.2310666667
1604,273819.9678
1605,254052.277433333
1606,168492.3087
1607,163836.696466667
1608,209571.224966667
1609,200498.011066667
1610,156735.884933333
1611,147955.618633333
1612,156548.984433333
1613,167165.6255
1614,120910.108
1615,87551.9233333333
1616,82190.0668
1617,88643.6618666667
1618,128528.345033333
1619,132165.7202
1620,149875.681833333
1621,138230.323
1622,150089.1918
1623,298288.8561
1624,203558.808266667
1625,131101.431066667
1626,171075.348
1627,187152.4113
1628,284920.830866667
1629,175236.0287
1630,344782.558233333
1631,222716.430566667
1632,247915.422333333
1633,166164.4266
1634,180588.280433333
1635,178267.455333333
1636,161102.282233333
1637,176314.805933333
1638,212553.455533333
1639,180495.653733333
1640,251466.742133333
1641,180754.240166667
1642,223174.004733333
1643,224828.9305
1644,225591.661733333
1645,179616.623933333
1646,151556.100133333
1647,163672.157066667
1648,139624.0139
1649,138027.567166667
1650,119898.706733333
1651,121257.076733333
1652,92649.7101666667
1653,98157.4550333333
1654,153975.7244
1655,156448.234666667
1656,151974.749666667
1657,153980.969733333
1658,152193.466733333
1659,139439.157666667
1660,145731.648433333
1661,433806.3863
1662,393923.238866667
1663,369366.4782
1664,440413.865333333
1665,314192.0249
1666,327726.684033333
1667,356430.774466667
1668,329002.512533333
1669,298621.844633333
1670,329760.8578
1671,267162.428866667
1672,474790.051266667
1673,305152.152533333
1674,250362.079733333
1675,185364.9767
1676,190194.344566667
1677,213631.229366667
1678,449176.114033333
1679,367920.7476
1680,323396.171466667
1681,264957.669733333
1682,297271.193566667
1683,184999.9619
1684,170777.676166667
1685,173521.3197
1686,168310.6077
1687,165043.4671
1688,188557.148433333
1689,189187.772233333
1690,183957.161033333
1691,170647.8601
1692,262298.395266667
1693,167047.129533333
1694,185239.100333333
1695,168478.7365
1696,268979.839966667
1697,171317.2787
1698,350573.3479
1699,324487.5609
1700,235794.0498
1701,263764.471366667
1702,255877.796666667
1703,248901.2765
1704,301720.266466667
1705,232259.5343
1706,449137.999533333
1707,210408.3713
1708,210186.8315
1709,284468.682766667
1710,222160.311133333
1711,257368.908933333
1712,232686.0176
1713,255877.035366667
1714,226333.5179
1715,199832.1309
1716,190741.870433333
1717,170862.526533333
1718,145422.916633333
1719,206658.233133333
1720,249478.4979
1721,177143.0042
1722,137397.3863
1723,156738.594466667
1724,210462.3895
1725,236033.5172
1726,183716.879933333
1727,168474.133933333
1728,187283.1048
1729,161634.3011
1730,159554.429166667
1731,122686.2564
1732,132582.448733333
1733,126011.915233333
1734,131950.332333333
1735,132877.828333333
1736,118042.9304
1737,371749.938533333
1738,217373.6446
1739,276452.358333333
1740,187952.422166667
1741,179961.476233333
1742,175719.0728
1743,175437.122766667
1744,319735.408266667
1745,250134.3219
1746,275080.721733333
1747,217168.126366667
1748,209244.455533333
1749,157483.368966667
1750,145984.819466667
1751,229859.028533333
1752,124844.7465
1753,145659.648333333
1754,218479.419766667
1755,164223.135666667
1756,120500.822533333
1757,121092.7544
1758,144591.6073
1759,170510.8213
1760,155888.710033333
1761,155283.6665
1762,172128.8112
1763,161652.8395
1764,118700.019966667
1765,171158.4458
1766,167633.902666667
1767,198338.401133333
1768,136517.868166667
1769,165671.2597
1770,140364.070333333
1771,133422.8502
1772,136754.906033333
1773,138167.2323
1774,128915.1792
1775,129480.164666667
1776,121125.7979
1777,116240.178966667
1778,125531.383633333
1779,114369.064333333
1780,176649.592333333
1781,127171.671066667
1782,100544.218533333
1783,131347.046933333
1784,96691.3696666667
1785,116726.598433333
1786,146298.981366667
1787,173735.564433333
1788,58038.5402333333
1789,92698.9580333333
1790,91094.8757666666
1791,169831.7087
1792,152555.768966667
1793,135914.5151
1794,140534.618933333
1795,139858.710166667
1796,115679.410566667
1797,111641.114433333
1798,123386.515166667
1799,114893.773333333
1800,120555.654966667
1801,128892.187833333
1802,156151.263933333
1803,151261.074266667
1804,140077.206
1805,133976.520833333
1806,112030.990033333
1807,147473.0506
1808,119539.575733333
1809,127986.349166667
1810,145287.966266667
1811,113634.5218
1812,113022.221166667
1813,122879.1388
1814,101580.7054
1815,62852.9786666666
1816,103934.997433333
1817,120261.9793
1818,129418.021766667
1819,118443.6171
1820,81103.3355999999
1821,120609.316066667
1822,148864.1982
1823,57687.7521333333
1824,140937.321833333
1825,140633.331666667
1826,103912.822233333
1827,108075.363266667
1828,141517.1384
1829,114785.7504
1830,140268.748766667
1831,173496.863966667
1832,111683.6112
1833,148790.886433333
1834,131978.4028
1835,169906.500133333
1836,126753.365766667
1837,102505.0325
1838,136657.408833333
1839,88059.2365333333
1840,161627.2889
1841,148120.205466667
1842,89854.6836666666
1843,140152.674133333
1844,136154.675033333
1845,138293.3332
1846,148600.772333333
1847,150533.747233333
1848,60817.4246333333
1849,122080.375
1850,127564.516166667
1851,155381.0766
1852,125484.272666667
1853,135142.483166667
1854,174058.713233333
1855,144586.574033333
1856,218601.324566667
1857,157540.1238
1858,138924.951633333
1859,121727.960366667
1860,152793.8004
1861,121368.753433333
1862,270438.738066667
1863,267035.6353
1864,267035.6353
1865,313685.037266667
1866,316140.024533333
1867,243317.799033333
1868,292288.825266667
1869,193133.039933333
1870,250111.646766667
1871,239228.154366667
1872,174239.527366667
1873,225432.2124
1874,139317.3092
1875,205598.514233333
1876,196367.313533333
1877,211144.469633333
1878,214687.9862
1879,132964.6282
1880,134962.526
1881,244155.223066667
1882,257204.639133333
1883,197611.9728
1884,220227.1882
1885,258270.649233333
1886,293316.715733333
1887,202527.1275
1888,279240.9463
1889,167410.580866667
1890,133976.699066667
1891,142104.320866667
1892,110174.175366667
1893,131801.690933333
1894,130426.883533333
1895,149772.408333333
1896,126075.4779
1897,118793.4351
1898,107887.800266667
1899,127112.308333333
1900,145643.643566667
1901,180399.8498
1902,133575.4237
1903,221259.800133333
1904,130381.4208
1905,179612.128966667
1906,157338.092733333
1907,212107.2162
1908,113637.2561
1909,134648.1076
1910,123301.248066667
1911,196913.7858
1912,273002.029066667
1913,144102.285466667
1914,60258.4188666667
1915,322402.484066667
1916,71648.7088
1917,259494.1554
1918,135375.9372
1919,154587.765
1920,152027.333633333
1921,400625.036
1922,330351.561033333
1923,201704.661666667
1924,233718.0138
1925,227747.5571
1926,376266.873433333
1927,138597.244166667
1928,158736.2734
1929,127677.6985
1930,124512.835666667
1931,139913.7321
1932,134530.8372
1933,169493.433966667
1934,182448.276333333
1935,176391.4632
1936,188771.8535
1937,181384.167666667
1938,169283.9894
1939,241723.342933333
1940,198522.8058
1941,177889.282166667
1942,185750.126733333
1943,195324.3819
1944,311643.155766667
1945,370288.588833333
1946,160725.0824
1947,311729.1097
1948,166804.495833333
1949,249656.619733333
1950,173697.893233333
1951,275180.297033333
1952,250089.0348
1953,159379.566533333
1954,203195.3105
1955,130059.4795
1956,282411.3409
1957,168063.0196
1958,320876.962433333
1959,140830.2132
1960,115408.313066667
1961,120487.9174
1962,95442.3583333333
1963,104894.3772
1964,112943.8478
1965,150582.3159
1966,154745.0377
1967,284770.802633333
1968,381266.014633333
1969,373341.421433333
1970,416469.321133333
1971,418309.530566667
1972,357932.609666667
1973,268938.082766667
1974,318841.453833334
1975,449306.275433333
1976,272568.061233333
1977,344921.555566667
1978,354980.540166667
1979,336931.781366666
1980,194695.936066667
1981,342041.113366666
1982,224181.564266667
1983,212124.914433333
1984,170795.7715
1985,204533.491233333
1986,208852.302233333
1987,186697.380133333
1988,178111.1326
1989,187513.542566667
1990,219380.3005
1991,216484.735966667
1992,213771.372333333
1993,171936.381733333
1994,251561.029266667
1995,185664.713933333
1996,248835.3827
1997,326434.3403
1998,347429.341366667
1999,243513.766833333
2000,300249.684933333
2001,261859.7519
2002,238038.953466667
2003,250801.5082
2004,266491.434366667
2005,226736.0808
2006,225220.561
2007,243576.263533333
2008,208463.4651
2009,186330.540733333
2010,192121.490566667
2011,151773.9321
2012,178435.588166667
2013,180891.229
2014,188261.9506
2015,196125.926633333
2016,191631.821933333
2017,205460.859833333
2018,124300.501333333
2019,134604.9607
2020,118203.9548
2021,117541.192266667
2022,179500.793866667
2023,154169.9855
2024,222487.033133333
2025,362864.782266666
2026,179728.1855
2027,150300.055133333
2028,156169.3703
2029,174172.634766667
2030,280152.6383
2031,254960.136
2032,277115.039033333
2033,276061.939966667
2034,162402.402733333
2035,208010.833333333
2036,185629.6272
2037,192553.722433333
2038,333164.776233334
2039,209995.863866667
2040,402015.300433333
2041,287770.457266667
2042,207625.654633333
2043,165289.454333333
2044,167831.491
2045,232483.129666667
2046,134333.561566667
2047,153603.720433333
2048,134038.124066667
2049,135726.718933333
2050,172953.175766667
2051,104095.077533333
2052,134279.079633333
2053,143770.759333333
2054,87649.7733666667
2055,157446.629666667
2056,125318.378066667
2057,122954.246
2058,207203.106433333
2059,124929.8997
2060,158785.0071
2061,169722.1154
2062,135280.6425
2063,113285.2595
2064,133590.244833333
2065,118867.556933333
2066,165368.098733333
2067,124878.4363
2068,136298.860466667
2069,84685.0812333334
2070,110864.3132
2071,94744.8512666667
2072,137215.794433333
2073,135901.5535
2074,180606.955166667
2075,144947.385
2076,122359.742533333
2077,146142.138166667
2078,130063.039166667
2079,129719.8338
2080,113236.928266667
2081,122019.543233333
2082,128901.8515
2083,146820.461766667
2084,111633.573833333
2085,132582.1308
2086,113228.075866667
2087,120866.691533333
2088,107163.391966667
2089,92875.9323333333
2090,132536.386233333
2091,126747.308433333
2092,136030.075233333
2093,141606.499266667
2094,136492.1762
2095,151027.196866667
2096,88811.7488666666
2097,99969.2584666667
2098,148075.625533333
2099,61875.4812666666
2100,116528.382566667
2101,126739.806833333
2102,146121.638433333
2103,105518.380566667
2104,134464.640466667
2105,129639.198
2106,79804.1058
2107,246828.9896
2108,117794.697533333
2109,114455.921866667
2110,124470.842566667
2111,150954.1281
2112,140613.2036
2113,119217.3087
2114,111493.628666667
2115,157370.112466667
2116,114816.8261
2117,145844.536966667
2118,118889.261133333
2119,108123.8625
2120,113617.3992
2121,114352.643466667
2122,106479.091666667
2123,90165.8715333333
2124,189532.113
2125,134292.706466667
2126,169449.112466667
2127,148937.152
2128,125316.4568
2129,104040.7798
2130,145758.8089
2131,156348.2296
2132,117074.458433333
2133,115061.622866667
2134,118199.556333333
2135,106323.218866667
2136,82640.1317
2137,112819.715066667
2138,138033.493833333
2139,152824.2594
2140,136477.501666667
2141,139548.741633333
2142,133674.0078
2143,145254.770033333
2144,119293.974966667
2145,135300.081666667
2146,143283.437466667
2147,174878.9944
2148,125966.136233333
2149,135381.520666667
2150,234315.968433333
2151,133702.0066
2152,176382.997933333
2153,162114.484666667
2154,112005.027366667
2155,130606.811466667
2156,225664.0459
2157,244925.763066667
2158,237247.775733333
2159,216861.3556
2160,170990.9538
2161,254172.702833333
2162,396341.7063
2163,326255.486533333
2164,255574.547066667
2165,185166.571333333
2166,145338.484
2167,207652.118366667
2168,211300.369233333
2169,191696.063833333
2170,219154.4255
2171,140773.081966667
2172,140142.7794
2173,162142.9043
2174,242979.496466667
2175,311865.692066667
2176,316452.527966667
2177,257193.756566667
2178,220452.869433333
2179,142436.615
2180,192457.2681
2181,191161.8936
2182,234531.6964
2183,193496.7423
2184,136576.7213
2185,132208.0748
2186,145594.4086
2187,146475.651666667
2188,156373.175433333
2189,188193.079833333
2190,83094.1527333333
2191,87912.4184333333
2192,92310.2525666667
2193,100593.420166667
2194,102263.323833333
2195,111000.466866667
2196,110004.276133333
2197,111475.327833333
2198,154602.023233333
2199,159463.132766667
2200,128304.063933333
2201,131472.7196
2202,193950.061866667
2203,164272.262266667
2204,181240.307566667
2205,112609.883266667
2206,122023.747566667
2207,232663.8099
2208,227812.326766667
2209,200563.483
2210,122169.7966
2211,113878.927066667
2212,114113.448866667
2213,105770.221466667
2214,144095.458466667
2215,105153.256333333
2216,145477.7504
2217,69669.4889
2218,89575.5832333334
2219,72441.1593666667
2220,82070.5586666666
2221,321665.896233333
2222,255424.8839
2223,258399.301666667
2224,215951.929966667
2225,138272.7404
2226,183584.2642
2227,196477.801566667
2228,270943.6952
2229,242774.5862
2230,157884.076533333
2231,208261.1143
2232,180631.033033333
2233,172771.614133333
2234,253465.774033333
2235,197714.0752
2236,275711.4199
2237,344061.3931
2238,200398.7808
2239,126351.871766667
2240,162493.240833333
2241,150013.041766667
2242,135672.928633333
2243,137690.928266667
2244,96731.3337333333
2245,92663.0760666666
2246,142308.599333333
2247,105343.4019
2248,124003.166666667
2249,125821.348333333
2250,136675.504333333
2251,125071.6844
2252,178100.724066667
2253,154183.389466667
2254,176934.2992
2255,191244.9347
2256,181273.8657
2257,196898.809733333
2258,175258.709433333
2259,178440.201833333
2260,148197.371233333
2261,188472.554666667
2262,207124.2402
2263,329895.718733333
2264,436370.315766667
2265,166690.987266667
2266,282139.424633333
2267,352832.714766667
2268,376763.2887
2269,159525.035366667
2270,179118.211733333
2271,248081.818166667
2272,201520.1682
2273,164474.845766667
2274,170808.021033333
2275,160708.317566667
2276,164684.727
2277,181395.777266667
2278,158262.853366667
2279,123199.630933333
2280,120252.812033333
2281,179428.186433333
2282,175287.454833333
2283,97791.4865333334
2284,109305.787366667
2285,149527.081233333
2286,130675.7832
2287,339489.213733333
2288,261455.617333333
2289,378825.8971
2290,415009.901233333
2291,310026.7499
2292,392814.2767
2293,437000.6136
2294,396162.131966666
2295,428174.319666667
2296,286035.406333333
2297,306142.212066666
2298,325111.8307
2299,365610.511066667
2300,322127.567033333
2301,275436.093733333
2302,238831.687066667
2303,240510.800933333
2304,246268.5667
2305,184684.024933333
2306,185592.397633333
2307,185990.0249
2308,220566.525166667
2309,279477.282633333
2310,217082.530633333
2311,192536.8749
2312,174845.076533333
2313,174293.554466667
2314,175824.438266667
2315,172354.318833333
2316,188876.513033333
2317,177307.741133333
2318,172896.482933333
2319,176329.393666667
2320,180706.522366667
2321,252222.316666667
2322,168190.018533333
2323,179962.820466667
2324,167341.916966667
2325,222461.903566667
2326,164246.521666667
2327,214226.057566667
2328,220121.795333333
2329,183946.062433333
2330,179117.334666667
2331,345609.130633333
2332,396975.966633333
2333,324554.326866666
2334,258541.504566667
2335,249675.046533333
2336,336009.9226
2337,201164.883566667
2338,285049.012
2339,228216.9123
2340,380869.288333334
2341,229241.7255
2342,238916.182133333
2343,221951.641633333
2344,237646.294
2345,244905.436533333
2346,222082.827266667
2347,196026.6463
2348,231341.229133333
2349,157908.735
2350,283557.499366667
2351,267268.821066667
2352,236824.172433333
2353,206652.738333333
2354,137517.6701
2355,158129.091333333
2356,152913.096833333
2357,200037.4544
2358,196357.912133333
2359,124708.687866667
2360,120095.084233333
2361,137466.3126
2362,272980.1649
2363,141865.8063
2364,152543.839933333
2365,216448.360666667
2366,188764.707366667
2367,222352.9725
2368,200325.587866667
2369,222623.5483
2370,170889.498566667
2371,172704.6413
2372,194551.9131
2373,263932.077866667
2374,301324.3804
2375,237183.433533333
2376,277937.8958
2377,350759.836066667
2378,132779.810066667
2379,191456.335366667
2380,144168.807
2381,159129.864333333
2382,185724.436766667
2383,221774.871733333
2384,239007.131766667
2385,150146.259733333
2386,138291.395
2387,132801.073133333
2388,100563.8571
2389,127270.209133333
2390,134170.465
2391,134230.133833333
2392,112649.298266667
2393,163091.9098
2394,142522.736333333
2395,195672.922933333
2396,148044.9281
2397,191717.325266667
2398,120662.509733333
2399,59501.5531
2400,59553.9719333333
2401,116352.498966667
2402,129157.4425
2403,133626.308766667
2404,143880.5348
2405,153363.2035
2406,132935.426333333
2407,127667.3165
2408,137514.8562
2409,132196.673
2410,163193.3752
2411,122762.051333333
2412,152030.492966667
2413,131581.436566667
2414,134108.316533333
2415,129021.096033333
2416,126597.511266667
2417,127251.945966667
2418,125677.925833333
2419,130335.5427
2420,126056.998666667
2421,149649.419566667
2422,121542.816066667
2423,130424.1574
2424,152204.211966667
2425,166295.619633333
2426,125641.5145
2427,137337.6528
2428,171267.1609
2429,115854.747133333
2430,130544.213166667
2431,116891.413833333
2432,133497.889633333
2433,140298.104566667
2434,141347.106966667
2435,150213.938133333
2436,106055.377866667
2437,111864.438866667
2438,123272.715666667
2439,112406.759833333
2440,124861.834733333
2441,107438.360433333
2442,102898.101066667
2443,114564.055166667
2444,124816.215066667
2445,93410.4756
2446,133651.899433333
2447,224828.8371
2448,140335.5277
2449,118866.0183
2450,151671.524666667
2451,124871.703933333
2452,215993.637266667
2453,99466.2923666667
2454,124669.718233333
2455,105064.732
2456,148102.151066667
2457,117284.971
2458,112511.722233333
2459,111206.2773
2460,138930.9237
2461,120225.906133333
2462,137828.622433333
2463,119511.987833333
2464,155069.004733333
2465,132657.036633333
2466,117783.649
2467,149615.529266667
2468,95423.4065
2469,90456.7340333333
2470,176277.890733333
2471,207426.828366667
2472,174333.308166667
2473,117024.812
2474,106781.859433333
2475,221396.642833333
2476,112435.043933333
2477,132078.347833333
2478,159510.792866667
2479,115704.4603
2480,135769.263733333
2481,118301.746333333
2482,133479.3456
2483,118200.721366667
2484,123174.520466667
2485,124522.9996
2486,150317.325533333
2487,177874.897733333
2488,148047.179833333
2489,143892.219466667
2490,147128.3405
2491,92220.4476333334
2492,184857.917066667
2493,138212.902333333
2494,173752.265233333
2495,98588.2985666667
2496,219405.093266667
2497,151875.4833
2498,117199.6553
2499,90498.6889666667
2500,131773.817966667
2501,134540.200066667
2502,150276.754933333
2503,105048.105166667
2504,188659.871733333
2505,221275.328066667
2506,253952.327666667
2507,314528.0784
2508,254845.586866667
2509,226619.9905
2510,229258.849666667
2511,186738.587566667
2512,214406.074833333
2513,219164.261733333
2514,240961.780766667
2515,150432.097933333
2516,154980.2124
2517,134429.582466667
2518,141278.643366667
2519,226480.0313
2520,207871.601666667
2521,193758.738166667
2522,221944.7966
2523,132273.187333333
2524,140445.525
2525,143717.150266667
2526,140976.7186
2527,114940.205366667
2528,127054.127866667
2529,133108.153333333
2530,112771.2002
2531,250789.985566667
2532,229246.8209
2533,197533.804533333
2534,239622.7168
2535,307320.818366667
2536,232855.988033333
2537,225931.8584
2538,184676.5685
2539,185658.907033333
2540,176271.644233333
2541,180800.841333333
2542,162364.426166667
2543,130742.2027
2544,136252.601633333
2545,131099.2265
2546,141465.6535
2547,140873.1846
2548,150989.006133333
2549,162751.142066667
2550,348778.5926
2551,142849.035566667
2552,123005.7139
2553,86940.9070666666
2554,119555.936533333
2555,108822.026033333
2556,103776.6452
2557,114720.576733333
2558,160408.399133333
2559,141044.603333333
2560,125206.794066667
2561,139456.910766667
2562,135407.924166667
2563,145374.6784
2564,173145.951833333
2565,122547.5993
2566,152458.5238
2567,131101.384
2568,194118.8269
2569,197988.886666667
2570,120379.9184
2571,169938.166966667
2572,186180.164033333
2573,239380.706133333
2574,301639.823433333
2575,127331.225766667
2576,130684.7844
2577,159813.339066667
2578,96494.5504333334
2579,82186.7786666667
2580,133980.2185
2581,131385.083233333
2582,118781.957433333
2583,290230.685033333
2584,160480.6756
2585,176737.194566667
2586,204697.1163
2587,208667.493833333
2588,148088.130766667
2589,144201.8304
2590,227729.644633333
2591,201052.747933333
2592,237903.750233333
2593,261574.624066667
2594,174921.2819
2595,205137.676066667
2596,332720.9284
2597,180401.057733333
2598,268529.402866667
2599,328677.108466667
2600,149633.631766667
2601,133081.072166667
2602,86519.6307333334
2603,90208.3847333334
2604,87371.5383666666
2605,84334.4084
2606,142124.784333333
2607,170611.0229
2608,194809.5093
2609,166708.557666667
2610,117086.674166667
2611,157063.408333333
2612,153873.952266667
2613,127230.241533333
2614,124321.324633333
2615,145558.678166667
2616,138117.9255
2617,169141.1172
2618,174047.6436
2619,229122.371333333
2620,186815.356
2621,181836.264666667
2622,186683.077766667
2623,246302.913466667
2624,269473.496
2625,322914.8502
2626,163898.062633333
2627,187641.713233333
2628,414279.699566666
2629,570765.551833333
2630,344794.981366666
2631,450056.892666666
2632,404955.158466666
2633,312854.863133333
2634,378129.746566667
2635,148352.755133333
2636,188339.1591
2637,156817.406933333
2638,256758.289033333
2639,178588.055066667
2640,151599.702266667
2641,106373.7578
2642,188842.576066667
2643,108995.736
2644,128491.218766667
2645,99033.8487
2646,91443.9188333333
2647,98254.1703333333
2648,137345.958733333
2649,135245.2847
2650,148936.785133333
2651,152159.4797
2652,436520.984433333
2653,244829.473266667
2654,247379.815133333
2655,373379.555733333
2656,330738.9614
2657,338720.100266667
2658,279657.342133333
2659,300450.9534
2660,319704.935933333
2661,343593.504466666
2662,353563.2706
2663,284482.1846
2664,277120.154166667
2665,314989.139966667
2666,284363.419366667
2667,168979.672466667
2668,178388.1882
2669,175553.5746
2670,287252.357966667
2671,180163.5289
2672,181577.616333333
2673,203204.5366
2674,200647.6081
2675,166564.640333333
2676,187678.018266667
2677,196136.2789
2678,265020.911966667
2679,280807.598233333
2680,270162.859733333
2681,400624.485233333
2682,330247.279566667
2683,515550.6349
2684,301233.7958
2685,346986.1691
2686,257462.609566667
2687,323911.525133333
2688,233274.447666667
2689,216847.534633333
2690,473332.861933333
2691,185474.307166667
2692,140005.3332
2693,194045.2817
2694,139788.461066667
2695,192258.7057
2696,187813.872733333
2697,188941.982433333
2698,196488.6642
2699,172528.5927
2700,166533.371633333
2701,147794.7094
2702,111193.5042
2703,136675.1589
2704,141265.5984
2705,128190.644666667
2706,119811.429733333
2707,121180.559533333
2708,137131.5501
2709,113577.4871
2710,128254.895666667
2711,280267.028433333
2712,358899.402433333
2713,172154.891733333
2714,150788.0228
2715,172537.448333333
2716,154768.370066667
2717,184173.528933333
2718,233584.152566667
2719,154776.709833333
2720,164526.863133333
2721,140981.089233333
2722,156489.9674
2723,144136.380466667
2724,128363.127
2725,134564.793333333
2726,145109.907133333
2727,159272.617766667
2728,166769.3372
2729,152417.2805
2730,143743.362933333
2731,119291.063933333
2732,116145.811633333
2733,158002.796333333
2734,139049.7917
2735,127800.917233333
2736,141710.863033333
2737,122935.364866667
2738,134457.611166667
2739,157843.7184
2740,133681.887366667
2741,144981.633633333
2742,148457.3275
2743,145856.605766667
2744,144384.828333333
2745,130942.913133333
2746,129907.199433333
2747,154830.756066667
2748,124637.3378
2749,130773.4117
2750,129659.364633333
2751,130340.085
2752,229869.463666667
2753,151461.649733333
2754,189827.054866667
2755,128176.043433333
2756,99365.3480333333
2757,71802.3215666667
2758,90253.8993333333
2759,153623.475133333
2760,140211.2914
2761,144667.375833333
2762,145458.5732
2763,184292.1468
2764,166636.0585
2765,266562.8659
2766,142949.414466667
2767,90665.5418333333
2768,129188.037966667
2769,121884.236533333
2770,156728.745
2771,122130.221666667
2772,123864.546633333
2773,144127.641766667
2774,139523.9263
2775,139192.9781
2776,147687.5922
2777,147499.594366667
2778,123115.591033333
2779,122305.718766667
2780,109760.040333333
2781,101101.965966667
2782,99055.7369666666
2783,107478.105533333
2784,129008.1577
2785,138763.900433333
2786,81530.2212666666
2787,118150.663666667
2788,89985.5254
2789,215889.665866667
2790,96861.3425666667
2791,116869.184766667
2792,84551.9586333333
2793,170078.101766667
2794,106876.150566667
2795,117987.435966667
2796,103556.394733333
2797,180183.427433333
2798,128007.288666667
2799,119417.468333333
2800,79843.7931666667
2801,112878.9249
2802,138085.105433333
2803,154469.685133333
2804,143707.8057
2805,95613.2757
2806,91849.6969666666
2807,156919.8993
2808,145475.766066667
2809,132161.8475
2810,133388.224466667
2811,158825.8188
2812,145346.716666667
2813,141757.7858
2814,157080.4692
2815,99012.1803333334
2816,257219.7972
2817,132942.717333333
2818,132884.978866667
2819,168142.413033333
2820,130103.301066667
2821,106610.807166667
2822,184748.589866667
2823,227325.6797
2824,174746.287
2825,151517.771633333
2826,128074.1034
2827,147808.517833333
2828,209580.099333333
2829,172499.248866667
2830,228119.832966666
2831,188499.473533333
2832,219768.262466667
2833,288511.621633333
2834,215883.927433333
2835,224125.443033333
2836,190054.4337
2837,168490.271066667
2838,147868.785433333
2839,184444.541366667
2840,194099.612033333
2841,204878.625666667
2842,219489.403066667
2843,149543.572933333
2844,159609.6221
2845,125153.6229
2846,210533.551866667
2847,203989.4144
2848,222738.4739
2849,212947.7293
2850,286058.6164
2851,240797.7475
2852,223900.8607
2853,231828.376866667
2854,140861.485
2855,196849.320833333
2856,209252.012966667
2857,189063.046333333
2858,197094.0884
2859,139125.940233333
2860,126041.331833333
2861,122176.5935
2862,194060.446033333
2863,122073.126133333
2864,259524.824533333
2865,142135.527466667
2866,136525.990766667
2867,94806.5794333334
2868,113703.833266667
2869,121552.464633333
2870,168664.8654
2871,107243.687333333
2872,59218.434
2873,103601.5291
2874,145560.685233333
2875,115950.8872
2876,159635.5835
2877,143804.836366667
2878,161914.9799
2879,150085.952466667
2880,109179.709666667
2881,153209.450166667
2882,166546.6504
2883,171494.932666667
2884,174891.145566667
2885,184808.254733333
2886,197818.2636
2887,101924.4299
2888,128319.889833333
2889,64166.2289
2890,88515.2376666666
2891,132302.937233333
2892,58077.0531333333
2893,108275.08
2894,60657.3182333333
2895,313237.113433333
2896,274288.510833333
2897,191538.832233333
2898,150680.581333333
2899,226591.873533333
2900,155519.568
2901,181921.777266667
2902,184190.0978
2903,339538.791033334
2904,361335.240033333
2905,115896.472866667
2906,196013.2844
2907,114145.8235
2908,129392.998066667
2909,142825.480733333
2910,84125.3288666667
2911,86438.4167333334
2912,151665.5596
2913,88920.5207333334
2914,84592.1428666667
2915,85550.6083333333
2916,86386.2879666667
2917,153658.1145
2918,114395.530333333
2919,224632.156966667
